timestamp,frame_id,worker_id,status,detected_ppe,missing_ppe,worker_confidence,screenshot_path
2026-10-10 11:50:20,1,Worker 1,PPE VIOLATION,helmet,safety-vest; gloves; glasses,0.88,D:\VIT\CAO Project Code\Smart-Industrial-Safety\results\logs\violations\violation_f000001_Worker_1_1791613220.jpg
2026-10-10 11:51:23,1,Worker 1,PPE VIOLATION,helmet,safety-vest,0.88,D:\VIT\CAO Project Code\Smart-Industrial-Safety\results\logs\violations\violation_f000001_Worker_1_1791613283.jpg
2026-10-10 13:00:03,1,Worker 1,PPE VIOLATION,helmet,safety-vest; gloves; glasses,0.88,D:\VIT\CAO Project Code\Smart-Industrial-Safety\results\logs\violations\violation_f000001_Worker_1_1791617403.jpg
2026-10-10 13:04:37,1,Worker 1,PPE VIOLATION,helmet,safety-vest,0.88,D:\VIT\CAO Project Code\Smart-Industrial-Safety\results\logs\violations\violation_f000001_Worker_1_1791617677.jpg
2026-10-10 13:05:31,1,Worker 1,PPE VIOLATION,NONE,helmet; safety-vest,0.836,D:\VIT\CAO Project Code\Smart-Industrial-Safety\results\logs\violations\violation_f000001_Worker_1_1791617731.jpg
2026-10-10 13:05:33,2,Worker 1,PPE VIOLATION,NONE,helmet; safety-vest,0.846,D:\VIT\CAO Project Code\Smart-Industrial-Safety\results\logs\violations\violation_f000002_Worker_1_1791617733.jpg
2026-10-10 13:05:34,3,Worker 1,PPE VIOLATION,NONE,helmet; safety-vest,0.847,D:\VIT\CAO Project Code\Smart-Industrial-Safety\results\logs\violations\violation_f000003_Worker_1_1791617734.jpg
2026-10-10 13:05:34,4,Worker 1,PPE VIOLATION,NONE,helmet; safety-vest,0.851,D:\VIT\CAO Project Code\Smart-Industrial-Safety\results\logs\violations\violation_f000004_Worker_1_1791617734.jpg
2026-10-10 13:05:35,5,Worker 1,PPE VIOLATION,NONE,helmet; safety-vest,0.84,D:\VIT\CAO Project Code\Smart-Industrial-Safety\results\logs\violations\violation_f000005_Worker_1_1791617735.jpg
2026-10-10 13:05:36,6,Worker 1,PPE VIOLATION,NONE,helmet; safety-vest,0.833,D:\VIT\CAO Project Code\Smart-Industrial-Safety\results\logs\violations\violation_f000006_Worker_1_1791617736.jpg
2026-10-10 13:05:37,7,Worker 1,PPE VIOLATION,NONE,helmet; safety-vest,0.821,D:\VIT\CAO Project Code\Smart-Industrial-Safety\results\logs\violations\violation_f000007_Worker_1_1791617737.jpg
2026-10-10 13:05:38,8,Worker 1,PPE VIOLATION,NONE,helmet; safety-vest,0.898,D:\VIT\CAO Project Code\Smart-Industrial-Safety\results\logs\violations\violation_f000008_Worker_1_1791617738.jpg
2026-10-10 13:05:38,9,Worker 1,PPE VIOLATION,NONE,helmet; safety-vest,0.872,D:\VIT\CAO Project Code\Smart-Industrial-Safety\results\logs\violations\violation_f000009_Worker_1_1791617738.jpg
2026-10-10 13:05:39,10,Worker 1,PPE VIOLATION,NONE,helmet; safety-vest,0.872,D:\VIT\CAO Project Code\Smart-Industrial-Safety\results\logs\violations\violation_f000010_Worker_1_1791617739.jpg
2026-10-10 13:05:40,11,Worker 1,PPE VIOLATION,NONE,helmet; safety-vest,0.861,D:\VIT\CAO Project Code\Smart-Industrial-Safety\results\logs\violations\violation_f000011_Worker_1_1791617740.jpg
2026-10-10 13:05:41,12,Worker 1,PPE VIOLATION,NONE,helmet; safety-vest,0.841,D:\VIT\CAO Project Code\Smart-Industrial-Safety\results\logs\violations\violation_f000012_Worker_1_1791617741.jpg
2026-10-10 13:05:41,13,Worker 1,PPE VIOLATION,NONE,helmet; safety-vest,0.851,D:\VIT\CAO Project Code\Smart-Industrial-Safety\results\logs\violations\violation_f000013_Worker_1_1791617741.jpg
2026-10-10 13:05:42,14,Worker 1,PPE VIOLATION,NONE,helmet; safety-vest,0.875,D:\VIT\CAO Project Code\Smart-Industrial-Safety\results\logs\violations\violation_f000014_Worker_1_1791617742.jpg
2026-10-10 13:05:43,15,Worker 1,PPE VIOLATION,NONE,helmet; safety-vest,0.856,D:\VIT\CAO Project Code\Smart-Industrial-Safety\results\logs\violations\violation_f000015_Worker_1_1791617743.jpg
2026-10-10 13:05:43,16,Worker 1,PPE VIOLATION,NONE,helmet; safety-vest,0.841,D:\VIT\CAO Project Code\Smart-Industrial-Safety\results\logs\violations\violation_f000016_Worker_1_1791617743.jpg
2026-10-10 13:05:44,17,Worker 1,PPE VIOLATION,NONE,helmet; safety-vest,0.866,D:\VIT\CAO Project Code\Smart-Industrial-Safety\results\logs\violations\violation_f000017_Worker_1_1791617744.jpg
2026-10-10 13:05:45,18,Worker 1,PPE VIOLATION,NONE,helmet; safety-vest,0.851,D:\VIT\CAO Project Code\Smart-Industrial-Safety\results\logs\violations\violation_f000018_Worker_1_1791617745.jpg
2026-10-10 13:05:45,19,Worker 1,PPE VIOLATION,NONE,helmet; safety-vest,0.841,D:\VIT\CAO Project Code\Smart-Industrial-Safety\results\logs\violations\violation_f000019_Worker_1_1791617745.jpg
2026-10-10 13:05:46,20,Worker 1,PPE VIOLATION,NONE,helmet; safety-vest,0.875,D:\VIT\CAO Project Code\Smart-Industrial-Safety\results\logs\violations\violation_f000020_Worker_1_1791617746.jpg
2026-10-10 13:05:47,21,Worker 1,PPE VIOLATION,NONE,helmet; safety-vest,0.845,D:\VIT\CAO Project Code\Smart-Industrial-Safety\results\logs\violations\violation_f000021_Worker_1_1791617747.jpg
2026-10-10 13:10:26,1,Worker 1,PPE VIOLATION,helmet,safety-vest,0.88,D:\VIT\CAO Project Code\Smart-Industrial-Safety\results\logs\violations\violation_f000001_Worker_1_1791618026182.jpg
2026-10-10 13:11:00,1,Worker 1,PPE VIOLATION,helmet,safety-vest,0.88,D:\VIT\CAO Project Code\Smart-Industrial-Safety\results\logs\violations\violation_f000001_Worker_1_1791618060465.jpg
2026-10-10 13:11:26,1,Worker 1,PPE VIOLATION,helmet,safety-vest,0.88,D:\VIT\CAO Project Code\Smart-Industrial-Safety\results\logs\violations\violation_f000001_Worker_1_1791618086157.jpg
2026-10-10 13:11:35,1,Worker 1,PPE VIOLATION,helmet,safety-vest,0.88,D:\VIT\CAO Project Code\Smart-Industrial-Safety\results\logs\violations\violation_f000001_Worker_1_1791618095151.jpg
2026-10-10 13:26:45,1,Worker 1,PPE VIOLATION,helmet,safety-vest,0.88,D:\VIT\CAO Project Code\Smart-Industrial-Safety\results\logs\violations\violation_f000001_Worker_1_1791619005242.jpg
2026-10-10 13:34:42,1,Worker 1,PPE VIOLATION,helmet,safety-vest,0.704,D:\VIT\CAO Project Code\Smart-Industrial-Safety\results\logs\violations\violation_f000001_Worker_1_1791619482396.jpg
2026-10-10 14:05:36,1,Worker 1,COMPLIANT,helmet; safety-vest,NONE,0.829,
2026-10-10 14:09:22,1,Worker 1,COMPLIANT,helmet; safety-vest,NONE,0.82,
