Configuration,Runtime,Hardware,Resolution,Mean Latency (ms),Median Latency (ms),P95 Latency (ms),Throughput (FPS)
YOLOv8n PyTorch (CUDA GPU),PyTorch,NVIDIA RTX 3050 Laptop GPU,640x640,88.51,89.6,125.17,11.3
YOLOv8n PyTorch (CUDA GPU - 480p),PyTorch,NVIDIA RTX 3050 Laptop GPU,480x480,59.08,60.05,76.05,16.9
YOLOv8s PyTorch (CUDA GPU),PyTorch,NVIDIA RTX 3050 Laptop GPU,640x640,54.39,53.87,72.34,18.4
YOLOv8s PyTorch (CUDA GPU - 480p),PyTorch,NVIDIA RTX 3050 Laptop GPU,480x480,80.35,77.01,122.84,12.4
YOLOv8n OpenVINO FP16 (Intel CPU),OpenVINO FP16,Intel Core i5-13450HX CPU,640x640,225.4,212.67,305.63,4.4
YOLOv8n OpenVINO FP16 (Intel CPU - 480p),OpenVINO FP16,Intel Core i5-13450HX CPU,480x480,57.66,57.45,62.01,17.3
YOLOv8s OpenVINO INT8 (Intel CPU - 640p),OpenVINO INT8,Intel Core i5-13450HX CPU,640x640,86.26,86.41,90.4,11.6
YOLOv8s OpenVINO INT8 (Intel CPU - 512p),OpenVINO INT8,Intel Core i5-13450HX CPU,512x512,121.76,89.11,248.46,8.2
YOLOv8s OpenVINO INT8 (Intel CPU - 480p),OpenVINO INT8,Intel Core i5-13450HX CPU,480x480,117.42,101.65,181.31,8.5
YOLOv8s OpenVINO FP16 (Intel CPU - 640p),OpenVINO FP16,Intel Core i5-13450HX CPU,640x640,135.45,134.52,148.58,7.4
YOLOv8s PyTorch CPU Baseline,PyTorch,Intel Core i5-13450HX CPU,640x640,504.77,476.43,601.58,2.0
